{
    "epoch": [
        0,
        1,
        2,
        3,
        4,
        5,
        6,
        7,
        8,
        9,
        10,
        11,
        12,
        13,
        14,
        15,
        16,
        17,
        18,
        19,
        20,
        21,
        22,
        23,
        24,
        25,
        26,
        27,
        28,
        29,
        30,
        31,
        32,
        33,
        34,
        35,
        36,
        37,
        38,
        39,
        40,
        41
    ],
    "train_loss": [
        0.07942984410408165,
        0.0007169325076657432,
        0.0007097237731531178,
        0.000612448252980936,
        0.0005944204502156935,
        0.0006784572379811752,
        0.000617539401917549,
        0.0005643275500254028,
        0.0006167016531848772,
        0.0005953894351312721,
        0.0005790677323768085,
        0.0005876732056177306,
        0.000604150884530761,
        0.0006139038387283852,
        0.0005667629688766531,
        0.0005703003362710164,
        0.0005450147833802145,
        0.0005995094060463915,
        0.0006760033397850665,
        0.0005958865835881707,
        0.0005838042791848155,
        0.0005522689112694934,
        0.0005945269531697373,
        0.0006015527895545926,
        0.0006578443384073167,
        0.0005878873740915548,
        0.0006045049961275336,
        0.0005977628538279201,
        0.0006202241344991225,
        0.0006791481560371308,
        0.0006151416249022903,
        0.0007140873523894698,
        0.000638819324244237,
        0.0006410020259367726,
        0.0005512668997239829,
        0.0006252698982610706,
        0.0005914694417945364,
        0.0006450679647969082,
        0.000637214656771076,
        0.0006067681931943463,
        0.0006367362920586444,
        0.000651161662641574
    ],
    "train_psnr": [
        27.701871046645238,
        31.784067735689803,
        31.889804851179232,
        32.38506916042518,
        32.523389129186356,
        32.06573045911779,
        32.41827137023929,
        32.68375789384574,
        32.35262612755734,
        32.48316196942832,
        32.59451854977828,
        32.523850274571885,
        32.427037782121204,
        32.4024215847149,
        32.664413460426935,
        32.6607001326802,
        32.75784585640858,
        32.45368652094926,
        32.231208917207844,
        32.49360306391704,
        32.58379584338097,
        32.78894802888995,
        32.51883817592007,
        32.48247393324382,
        32.30447869703804,
        32.504064335334824,
        32.57340194213699,
        32.62286158082962,
        32.52094860787815,
        32.20426530665914,
        32.501252913670335,
        32.14297159859268,
        32.4670447641998,
        32.44384333161046,
        32.79991316168017,
        32.571959766921125,
        32.613360747414454,
        32.379602467620785,
        32.40662908575318,
        32.51790595712705,
        32.38572808817917,
        32.33903970249555
    ],
    "train_ssim": [
        0.6145945599719354,
        0.7343819259138876,
        0.7383180285443677,
        0.7504441327738947,
        0.7526749378516413,
        0.7449919776230988,
        0.7499063406170565,
        0.758231173449007,
        0.749243006863684,
        0.7548108256081708,
        0.7622203071578523,
        0.7577667919358193,
        0.7547562847312068,
        0.7564734403736545,
        0.7598777373038933,
        0.7614140992574229,
        0.7645624942453078,
        0.7578191912900109,
        0.7599908423794415,
        0.759483074581406,
        0.758826879116555,
        0.7640891986005189,
        0.7577251068405078,
        0.7567162352739233,
        0.7603452601153899,
        0.7592774696050778,
        0.7644069551771345,
        0.7638732562763426,
        0.7612586478751542,
        0.7613840802159766,
        0.7616727187315107,
        0.7643836972505695,
        0.7629189353213214,
        0.762852262198859,
        0.7641390410761826,
        0.7675756091697638,
        0.7630517728619188,
        0.7612406274315924,
        0.7642947323136938,
        0.7617144877586413,
        0.7626621285254076,
        0.7605242912474465
    ],
    "val_loss": [
        0.0008186737117780881,
        0.0007351053751666437,
        0.0007269711006136441,
        0.0007145704452837394,
        0.0008000555231278254,
        0.0007569237257650292,
        0.0007187890031755986,
        0.0007443140996408395,
        0.0007567981056953696,
        0.0007376894169614058,
        0.0007692961662542075,
        0.0007304138112389905,
        0.0007326722843572497,
        0.000747745742873204,
        0.0007630792890929363,
        0.0007384676533878188,
        0.00073918494110165,
        0.0007220000949349593,
        0.0006986083145338026,
        0.0007418291193475438,
        0.0007437003712931818,
        0.0006745598458854312,
        0.0006816795900125395,
        0.0009227310841776092,
        0.0007912407269362699,
        0.0006781520232007923,
        0.0007256306760775095,
        0.0007039293863768266,
        0.0007100176669403234,
        0.0007801085223697803,
        0.0007451357087120414,
        0.0007548716596581719,
        0.0006900143079375001,
        0.0007300693515307186,
        0.0008996635336767544,
        0.0007536739444317805,
        0.00072073856823739,
        0.0007579271729231219,
        0.0006973508597266945,
        0.0008231891419696199,
        0.0008691409682135352,
        0.0007625108701176941
    ],
    "val_psnr": [
        30.887067860162244,
        31.369289927083557,
        31.408381779639466,
        31.497566552059165,
        31.10846569964318,
        31.29303406302125,
        31.459033550465485,
        31.340630724295536,
        31.291249162360216,
        31.354245698125194,
        31.28854662521487,
        31.411822982988586,
        31.4281167170182,
        31.32068742013514,
        31.241678080359613,
        31.358458110552842,
        31.391428190433274,
        31.476383902233316,
        31.605729545882717,
        31.409509705917102,
        31.382777763241883,
        31.737635763072284,
        31.68591942807425,
        30.741388109581138,
        31.193069308042137,
        31.712743918673674,
        31.44449451894501,
        31.550685038849995,
        31.564602858417572,
        31.264057363797303,
        31.36322949280939,
        31.459810430954292,
        31.631449091289472,
        31.45036988334634,
        30.86122103228878,
        31.366815970835283,
        31.476378141132155,
        31.327157406945858,
        31.582133074110402,
        31.076349462624076,
        30.992324273501428,
        31.377076993914194
    ],
    "val_ssim": [
        0.6736701686176377,
        0.6932229451506664,
        0.6934786332776942,
        0.698709387049501,
        0.6954874841766109,
        0.6961455656975298,
        0.6967135099179669,
        0.6944143526942166,
        0.694929979031426,
        0.6901781051833491,
        0.7056010254090068,
        0.7031574984308985,
        0.7057767844930858,
        0.7067905805936178,
        0.6996662207562826,
        0.7039543652073793,
        0.7068506544496205,
        0.7114850698397066,
        0.7079982608610205,
        0.7039866351338989,
        0.7066496645147736,
        0.7091763663011461,
        0.7090001988148029,
        0.6965360951820145,
        0.7019986642980384,
        0.709470079875662,
        0.7075323217101582,
        0.7085713333645381,
        0.7069899543681628,
        0.7067827258931291,
        0.7037052680856797,
        0.7101831790252077,
        0.7051939827178683,
        0.7062969227999881,
        0.7042972721872132,
        0.7135717016053931,
        0.7044585126526778,
        0.7073133823040071,
        0.7105566793353261,
        0.7056769585911327,
        0.7078480494249378,
        0.7105624064766515
    ]
}