{
    "epoch": [
        0,
        1,
        2,
        3,
        4,
        5,
        6,
        7,
        8,
        9,
        10,
        11,
        12,
        13,
        14,
        15,
        16,
        17,
        18,
        19,
        20,
        21,
        22,
        23,
        24,
        25,
        26,
        27,
        28,
        29,
        30,
        31,
        32,
        33,
        34,
        35,
        36,
        37,
        38,
        39,
        40,
        41,
        42,
        43,
        44,
        45,
        46
    ],
    "train_loss": [
        0.16976724741438043,
        0.0007668835767782929,
        0.0006310605222924179,
        0.000636259490585706,
        0.0004490019362657966,
        0.00043094272835084916,
        0.0004532195671345107,
        0.0006922530033493372,
        0.0006583390487238913,
        0.0005024281988219379,
        0.0004607697317789478,
        0.00039313951128860936,
        0.00039222209439189595,
        0.00037179000305927315,
        0.0003467982041911455,
        0.00036882675819718065,
        0.00041608340713785515,
        0.00031786997107536246,
        0.00033309929064919493,
        0.0003503592913396212,
        0.0003299233941023968,
        0.00035239804624738594,
        0.000280245406925546,
        0.00037919460010016337,
        0.0003225134677119389,
        0.0003427929022191992,
        0.00034158758403050757,
        0.0003191592675813643,
        0.0003152432174663938,
        0.00029963470685536527,
        0.0003423273924867813,
        0.0002835093167628987,
        0.0003791156018864554,
        0.00031491071356206453,
        0.000396401855554855,
        0.0003122047812873709,
        0.0003397180379662049,
        0.0003398834497519684,
        0.0002750469505124122,
        0.0002872604367935723,
        0.0002903236910159731,
        0.00031156226925139146,
        0.00033370631833597804,
        0.0003571525711859894,
        0.00032901846431989475,
        0.0002835362747646286,
        0.00031731801936984994
    ],
    "train_psnr": [
        23.813094016483475,
        32.26184374196864,
        33.35196004903097,
        33.50874335127087,
        34.55500727001881,
        34.46781302542151,
        34.50333304453324,
        33.53296412168528,
        33.41732027073447,
        34.495742650255515,
        34.18622002977682,
        34.871889862023664,
        34.71796565562504,
        35.2525031325768,
        35.33418277261745,
        34.93409695313105,
        34.903836762329576,
        35.90887682947291,
        35.63306847349286,
        35.684174504140486,
        35.84514119799287,
        35.57290101693173,
        36.18337015843401,
        35.33955594074954,
        36.045944775322596,
        35.37963756714858,
        35.5530062637164,
        35.671941824672516,
        35.76532411163167,
        36.028839033348795,
        35.292871078073674,
        36.130995762646826,
        35.23142906061773,
        35.858788918398204,
        34.82543699094891,
        35.84082257073143,
        35.50251357597174,
        35.537760696725485,
        36.410580342844156,
        36.07937376388574,
        36.236374858714335,
        35.64481048532653,
        35.5174186591263,
        35.398292442059535,
        35.51305460586052,
        36.3176629042967,
        35.72806539138632
    ],
    "train_ssim": [
        0.7146667679825788,
        0.8467504262568473,
        0.857769073316657,
        0.8764626088198135,
        0.8849675682474408,
        0.8829309085344996,
        0.8828259305087851,
        0.8674827539301305,
        0.8550973174771829,
        0.8922427706169045,
        0.8851373710279269,
        0.8985056106708265,
        0.8938429618694704,
        0.8917455315005498,
        0.8965290586994509,
        0.8871503806728512,
        0.8841321049343983,
        0.9034391752938777,
        0.8971476609426865,
        0.8979502474835496,
        0.9015720080663482,
        0.8951495607906004,
        0.9090351400533389,
        0.898829737238346,
        0.8980548353268795,
        0.9013027820407781,
        0.900822072359863,
        0.9026512555557145,
        0.9046962554510416,
        0.9038443898437258,
        0.8943380172986708,
        0.9097734843121476,
        0.8982367280745739,
        0.9027151382423849,
        0.8887593925147695,
        0.9040958169711129,
        0.9025781568713115,
        0.9050672314409371,
        0.9071593989770194,
        0.906452090318313,
        0.9082000157779764,
        0.9085468996811478,
        0.9053556907983893,
        0.9077296207706689,
        0.9014687227066869,
        0.908214311421765,
        0.903116597813763
    ],
    "val_loss": [
        0.0014106374786933885,
        0.00040855752304196357,
        0.0008023649104870855,
        0.00028416263521648946,
        0.00023324583817156962,
        0.0003282285259686546,
        0.00021367036024457775,
        0.0009699914022348821,
        0.0005676719665643759,
        0.00039937282199389303,
        0.0003334575187182054,
        0.00029715594282606614,
        0.0002594930105260573,
        0.00048760620557004587,
        0.00019005571157322266,
        0.00023779189723427407,
        0.0003762962223845534,
        0.00027100109982711726,
        0.0003151684883050621,
        0.0001939051131131464,
        0.00041510194666898314,
        0.00021711248336941935,
        0.0001661471771512879,
        0.0003125087998341769,
        0.00016936888205236754,
        0.0001711203731247224,
        0.00019291619129191417,
        0.0002135595841536997,
        0.0003425960603635758,
        0.00016852816934260774,
        0.00035194608972233254,
        0.00018182911080657504,
        0.0003952108549128752,
        0.0002292625853442587,
        0.00021673506453225854,
        0.00022840204255771823,
        0.0003488515423669014,
        0.00032906941705732604,
        0.0002674046183528844,
        0.0001960289097041823,
        0.00027114903277833944,
        0.00021174719295231627,
        0.00016501642312505282,
        0.0002229384866950568,
        0.00026716899083112366,
        0.00021230628408375196,
        0.00027133125113323333
    ],
    "val_psnr": [
        30.616252579360427,
        34.87298377953753,
        32.915373442035936,
        36.408352016125335,
        36.79467795798046,
        39.49335908254857,
        37.15760206388144,
        31.50317045175111,
        33.72576496846106,
        37.02180966235328,
        35.76079051705304,
        35.93195797511674,
        37.51976117017876,
        34.73474002262643,
        37.43293443180812,
        37.01576062997624,
        35.25897211469305,
        36.88048509465942,
        35.88813367850617,
        40.52751338030617,
        37.578155276249326,
        37.184784612860895,
        38.68242720970387,
        35.61284840789545,
        38.07233910160225,
        38.08888638222589,
        41.27452100387445,
        37.40675116008613,
        35.84544857488184,
        39.217403111209386,
        36.65507669677326,
        37.94505663128896,
        36.644469788486184,
        37.13160357558975,
        37.75795452984048,
        37.659393936600715,
        35.961339549941805,
        36.12685897474533,
        37.495936752598986,
        38.21674304448987,
        36.98519685684228,
        37.855068403145886,
        38.10056666265225,
        37.80279958578034,
        36.779505928067366,
        37.42085834615623,
        36.98436714945433
    ],